{"cameraMode":{"drawMode":0,"name":"Shaded","section":"Shading Mode"},"sceneLighting":true,"audioPlay":false,"sceneViewState":{"showFog":true,"showMaterialUpdate":false,"showSkybox":true,"showFlares":true,"showImageEffects":true,"showParticleSystems":true},"in2DMode":false,"pivot":{"x":-0.8758124113082886,"y":0.5805094838142395,"z":-7.0269365310668949},"rotation":{"x":0.14044252038002015,"y":-0.24614126980304719,"z":0.03606632351875305,"w":0.9583442211151123},"size":0.9990381598472595,"orthographic":false}