{"cameraMode":{"drawMode":0,"name":"Shaded","section":"Shading Mode"},"sceneLighting":true,"audioPlay":false,"sceneViewState":{"showFog":true,"showMaterialUpdate":false,"showSkybox":true,"showFlares":true,"showImageEffects":true,"showParticleSystems":true},"in2DMode":false,"pivot":{"x":0.3531200587749481,"y":-0.05449353903532028,"z":-4.096037864685059},"rotation":{"x":0.09733273088932038,"y":-0.021799663081765176,"z":0.002132195048034191,"w":0.995016872882843},"size":5.541471481323242,"orthographic":false}