{"cameraMode":{"drawMode":0,"name":"Shaded","section":"Shading Mode"},"sceneLighting":true,"audioPlay":false,"sceneViewState":{"showFog":true,"showMaterialUpdate":false,"showSkybox":true,"showFlares":true,"showImageEffects":true,"showParticleSystems":true},"in2DMode":false,"pivot":{"x":-0.4126296639442444,"y":0.18809163570404054,"z":-3.8768529891967775},"rotation":{"x":0.09733273088932038,"y":-0.021799663081765176,"z":0.002132195048034191,"w":0.995016872882843},"size":4.85559606552124,"orthographic":false}