{"cameraMode":{"drawMode":0,"name":"Shaded","section":"Shading Mode"},"sceneLighting":true,"audioPlay":false,"sceneViewState":{"showFog":true,"showMaterialUpdate":false,"showSkybox":true,"showFlares":true,"showImageEffects":true,"showParticleSystems":true},"in2DMode":false,"pivot":{"x":0.22274065017700196,"y":1.0722460746765137,"z":0.2908000946044922},"rotation":{"x":0.07147643715143204,"y":0.11404933780431748,"z":-0.008233387023210526,"w":0.9908841848373413},"size":75.32415008544922,"orthographic":false}