{"cameraMode":{"drawMode":0,"name":"Shaded","section":"Shading Mode"},"sceneLighting":true,"audioPlay":false,"sceneViewState":{"showFog":true,"showMaterialUpdate":false,"showSkybox":true,"showFlares":true,"showImageEffects":true,"showParticleSystems":true},"in2DMode":false,"pivot":{"x":-8.989651679992676,"y":2.710270881652832,"z":11.224966049194336},"rotation":{"x":0.04004093259572983,"y":0.14990448951721192,"z":-0.006076805293560028,"w":0.98787921667099},"size":14.378989219665528,"orthographic":false}